{
    "train_rmse": 37.71904635647056,
    "train_mae": 32.608861543169304,
    "train_r2": 0.06649228063481827
}